{
  "redbus": [
    {
      "id": 1,
      "bus_name": "Volvo Multi-Axle I-Shift A/C Sleeper",
      "company": "VRL Travels",
      "time_in": "10:25",
      "time_out": "14:33",
      "rating": 3.9,
      "price": 312,
      "seat_available": 87,
      "booked_seats": [
        85
      ]
    },
    {
      "id": 2,
      "bus_name": "Volvo Multi-Axle Sleeper A/C",
      "company": "Jakhar Travels",
      "time_in": "0:15",
      "time_out": "6:23",
      "rating": 4.8,
      "price": 741,
      "seat_available": 87,
      "booked_seats": []
    },
    {
      "id": 3,
      "bus_name": "A/C Seater / Sleeper",
      "company": "Anand Travels",
      "time_in": "14:11",
      "time_out": "20:54",
      "rating": 4.4,
      "price": 935,
      "seat_available": 87,
      "booked_seats": []
    },
    {
      "id": 4,
      "bus_name": "Bharat Benz A/C Sleeper",
      "company": "Orange Tours And Travels",
      "time_in": "0:02",
      "time_out": "7:37",
      "rating": 4,
      "price": 599,
      "seat_available": 87,
      "booked_seats": []
    },
    {
      "id": 5,
      "bus_name": "NON A/C Sleeper",
      "company": "Anand Travels",
      "time_in": "17:55",
      "time_out": "12:08",
      "rating": 1.3,
      "price": 344,
      "seat_available": 87,
      "booked_seats": []
    },
    {
      "id": 6,
      "bus_name": "Volvo Multi-Axle I-Shift A/C Sleeper",
      "company": "Orange Tours And Travels",
      "time_in": "6:25",
      "time_out": "12:22",
      "rating": 3,
      "price": 1029,
      "seat_available": 87,
      "booked_seats": [
        48
      ]
    },
    {
      "id": 7,
      "bus_name": "Volvo Multi-Axle Sleeper A/C",
      "company": "Anand Travels",
      "time_in": "13:39",
      "time_out": "8:07",
      "rating": 2,
      "price": 582,
      "seat_available": 87,
      "booked_seats": []
    },
    {
      "id": 8,
      "bus_name": "Volvo Multi-Axle I-Shift A/C Sleeper",
      "company": "Orange Tours And Travels",
      "time_in": "1:09",
      "time_out": "4:22",
      "rating": 3.8,
      "price": 741,
      "seat_available": 87,
      "booked_seats": []
    },
    {
      "id": 9,
      "bus_name": "A/C Seater / Sleeper",
      "company": "Jakhar Travels",
      "time_in": "9:50",
      "time_out": "23:05",
      "rating": 2.3,
      "price": 972,
      "seat_available": 87,
      "booked_seats": []
    },
    {
      "id": 10,
      "bus_name": "Volvo Multi-Axle Sleeper A/C",
      "company": "Anand Travels",
      "time_in": "12:55",
      "time_out": "14:02",
      "rating": 1.3,
      "price": 874,
      "seat_available": 87,
      "booked_seats": []
    },
    {
      "id": 11,
      "bus_name": "NON A/C Sleeper",
      "company": "SRS Travels",
      "time_in": "14:36",
      "time_out": "12:56",
      "rating": 3.3,
      "price": 635,
      "seat_available": 87,
      "booked_seats": []
    },
    {
      "id": 12,
      "bus_name": "A/C Sleeper",
      "company": "SRS Travels",
      "time_in": "21:43",
      "time_out": "19:46",
      "rating": 2,
      "price": 249,
      "seat_available": 87,
      "booked_seats": []
    },
    {
      "id": 13,
      "bus_name": "A/C Seater / Sleeper",
      "company": "VRL Travels",
      "time_in": "13:57",
      "time_out": "17:15",
      "rating": 2.2,
      "price": 229,
      "seat_available": 87,
      "booked_seats": []
    },
    {
      "id": 14,
      "bus_name": "Volvo Multi-Axle Sleeper A/C",
      "company": "Paulo travels",
      "time_in": "0:53",
      "time_out": "21:52",
      "rating": 4,
      "price": 946,
      "seat_available": 87,
      "booked_seats": []
    },
    {
      "id": 15,
      "bus_name": "Bharat Benz A/C Sleeper",
      "company": "VRL Travels",
      "time_in": "23:38",
      "time_out": "19:46",
      "rating": 2.9,
      "price": 388,
      "seat_available": 87,
      "booked_seats": []
    },
    {
      "id": 16,
      "bus_name": "NON A/C Sleeper",
      "company": "Paulo travels",
      "time_in": "7:51",
      "time_out": "23:56",
      "rating": 4.9,
      "price": 561,
      "seat_available": 87,
      "booked_seats": []
    },
    {
      "id": 17,
      "bus_name": "A/C Seater / Sleeper",
      "company": "Anand Travels",
      "time_in": "2:42",
      "time_out": "8:51",
      "rating": 1.9,
      "price": 985,
      "seat_available": 87,
      "booked_seats": []
    },
    {
      "id": 18,
      "bus_name": "NON A/C Sleeper",
      "company": "Paulo travels",
      "time_in": "0:19",
      "time_out": "11:50",
      "rating": 3.4,
      "price": 711,
      "seat_available": 87,
      "booked_seats": []
    },
    {
      "id": 19,
      "bus_name": "A/C Sleeper",
      "company": "VRL Travels",
      "time_in": "15:05",
      "time_out": "16:34",
      "rating": 2.8,
      "price": 870,
      "seat_available": 87,
      "booked_seats": []
    },
    {
      "id": 20,
      "bus_name": "Volvo Multi-Axle Sleeper A/C",
      "company": "Anand Travels",
      "time_in": "16:36",
      "time_out": "10:58",
      "rating": 2.2,
      "price": 478,
      "seat_available": 87,
      "booked_seats": []
    },
    {
      "id": 21,
      "bus_name": "Volvo Multi-Axle Sleeper A/C",
      "company": "M R Travels",
      "time_in": "19:10",
      "time_out": "14:53",
      "rating": 2.3,
      "price": 955,
      "seat_available": 87,
      "booked_seats": []
    },
    {
      "id": 22,
      "bus_name": "NON A/C Sleeper",
      "company": "Anand Travels",
      "time_in": "3:30",
      "time_out": "5:58",
      "rating": 1.8,
      "price": 263,
      "seat_available": 87,
      "booked_seats": []
    },
    {
      "id": 23,
      "bus_name": "Volvo Multi-Axle I-Shift A/C Sleeper",
      "company": "VRL Travels",
      "time_in": "10:25",
      "time_out": "14:33",
      "rating": 3.9,
      "price": 112,
      "seat_available": 87,
      "booked_seats": []
    },
    {
      "id": 24,
      "bus_name": "A/C Seater / Sleeper",
      "company": "SRS Travels",
      "time_in": "13:20",
      "time_out": "21:48",
      "rating": 4.1,
      "price": 788,
      "seat_available": 87,
      "booked_seats": []
    },
    {
      "id": 25,
      "bus_name": "Bharat Benz A/C Sleeper",
      "company": "Jakhar Travels",
      "time_in": "0:29",
      "time_out": "21:57",
      "rating": 3.3,
      "price": 535,
      "seat_available": 87,
      "booked_seats": []
    },
    {
      "id": 26,
      "bus_name": "Volvo Multi-Axle I-Shift A/C Sleeper",
      "company": "Orange Tours And Travels",
      "time_in": "20:00",
      "time_out": "3:11",
      "rating": 3.4,
      "price": 1145,
      "seat_available": 87,
      "booked_seats": []
    },
    {
      "id": 27,
      "bus_name": "A/C Seater / Sleeper",
      "company": "Jakhar Travels",
      "time_in": "15:17",
      "time_out": "12:15",
      "rating": 3.4,
      "price": 277,
      "seat_available": 87,
      "booked_seats": []
    },
    {
      "id": 28,
      "bus_name": "Bharat Benz A/C Sleeper",
      "company": "SRS Travels",
      "time_in": "21:57",
      "time_out": "21:07",
      "rating": 2.6,
      "price": 1134,
      "seat_available": 87,
      "booked_seats": []
    },
    {
      "id": 29,
      "bus_name": "Volvo Multi-Axle I-Shift A/C Sleeper",
      "company": "Orange Tours And Travels",
      "time_in": "13:37",
      "time_out": "17:32",
      "rating": 3.6,
      "price": 853,
      "seat_available": 87,
      "booked_seats": []
    },
    {
      "id": 30,
      "bus_name": "A/C Seater / Sleeper",
      "company": "VRL Travels",
      "time_in": "23:27",
      "time_out": "11:33",
      "rating": 3.1,
      "price": 498,
      "seat_available": 87,
      "booked_seats": []
    },
    {
      "id": 31,
      "bus_name": "A/C Seater / Sleeper",
      "company": "Anand Travels",
      "time_in": "17:32",
      "time_out": "13:12",
      "rating": 4.4,
      "price": 523,
      "seat_available": 87,
      "booked_seats": []
    },
    {
      "id": 32,
      "bus_name": "Bharat Benz A/C Sleeper",
      "company": "SRS Travels",
      "time_in": "19:58",
      "time_out": "7:18",
      "rating": 3.7,
      "price": 512,
      "seat_available": 87,
      "booked_seats": []
    },
    {
      "id": 33,
      "bus_name": "Volvo Multi-Axle I-Shift A/C Sleeper",
      "company": "Anand Travels",
      "time_in": "15:21",
      "time_out": "2:13",
      "rating": 5,
      "price": 813,
      "seat_available": 87,
      "booked_seats": [
        2
      ]
    },
    {
      "id": 34,
      "bus_name": "NON A/C Sleeper",
      "company": "VRL Travels",
      "time_in": "15:20",
      "time_out": "8:33",
      "rating": 4.9,
      "price": 374,
      "seat_available": 87,
      "booked_seats": []
    },
    {
      "id": 35,
      "bus_name": "Volvo Multi-Axle I-Shift A/C Sleeper",
      "company": "Orange Tours And Travels",
      "time_in": "10:03",
      "time_out": "9:15",
      "rating": 4.3,
      "price": 516,
      "seat_available": 87,
      "booked_seats": []
    },
    {
      "id": 36,
      "bus_name": "Volvo Multi-Axle I-Shift A/C Sleeper",
      "company": "SRS Travels",
      "time_in": "17:57",
      "time_out": "0:42",
      "rating": 1.4,
      "price": 1161,
      "seat_available": 87,
      "booked_seats": []
    },
    {
      "id": 37,
      "bus_name": "A/C Sleeper",
      "company": "Anand Travels",
      "time_in": "5:12",
      "time_out": "2:56",
      "rating": 2.1,
      "price": 554,
      "seat_available": 87,
      "booked_seats": []
    },
    {
      "id": 38,
      "bus_name": "Volvo Multi-Axle Sleeper A/C",
      "company": "Jakhar Travels",
      "time_in": "0:15",
      "time_out": "6:23",
      "rating": 4.8,
      "price": 741,
      "seat_available": 87,
      "booked_seats": []
    },
    {
      "id": 39,
      "bus_name": "A/C Seater / Sleeper",
      "company": "Anand Travels",
      "time_in": "12:19",
      "time_out": "6:15",
      "rating": 3.5,
      "price": 628,
      "seat_available": 87,
      "booked_seats": []
    },
    {
      "id": 40,
      "bus_name": "A/C Sleeper",
      "company": "M R Travels",
      "time_in": "0:38",
      "time_out": "17:03",
      "rating": 3.4,
      "price": 352,
      "seat_available": 87,
      "booked_seats": []
    },
    {
      "id": 41,
      "bus_name": "Volvo Multi-Axle Sleeper A/C",
      "company": "M R Travels",
      "time_in": "11:12",
      "time_out": "20:35",
      "rating": 2.1,
      "price": 1137,
      "seat_available": 87,
      "booked_seats": []
    },
    {
      "id": 42,
      "bus_name": "Volvo Multi-Axle I-Shift A/C Sleeper",
      "company": "Jakhar Travels",
      "time_in": "22:00",
      "time_out": "0:58",
      "rating": 3.4,
      "price": 599,
      "seat_available": 87,
      "booked_seats": []
    },
    {
      "id": 43,
      "bus_name": "A/C Sleeper",
      "company": "Jakhar Travels",
      "time_in": "10:37",
      "time_out": "20:35",
      "rating": 2.4,
      "price": 1193,
      "seat_available": 87,
      "booked_seats": []
    },
    {
      "id": 44,
      "bus_name": "Bharat Benz A/C Sleeper",
      "company": "Anand Travels",
      "time_in": "11:43",
      "time_out": "11:45",
      "rating": 4.2,
      "price": 294,
      "seat_available": 87,
      "booked_seats": []
    },
    {
      "id": 45,
      "bus_name": "A/C Sleeper",
      "company": "Paulo travels",
      "time_in": "21:54",
      "time_out": "8:02",
      "rating": 1.1,
      "price": 415,
      "seat_available": 87,
      "booked_seats": []
    },
    {
      "id": 46,
      "bus_name": "NON A/C Sleeper",
      "company": "SRS Travels",
      "time_in": "2:38",
      "time_out": "6:59",
      "rating": 1.9,
      "price": 480,
      "seat_available": 87,
      "booked_seats": []
    },
    {
      "id": 47,
      "bus_name": "A/C Sleeper",
      "company": "VRL Travels",
      "time_in": "1:34",
      "time_out": "8:17",
      "rating": 4.1,
      "price": 713,
      "seat_available": 87,
      "booked_seats": []
    },
    {
      "id": 48,
      "bus_name": "NON A/C Sleeper",
      "company": "Paulo travels",
      "time_in": "11:42",
      "time_out": "11:44",
      "rating": 1.2,
      "price": 1115,
      "seat_available": 87,
      "booked_seats": []
    },
    {
      "id": 49,
      "bus_name": "Volvo Multi-Axle I-Shift A/C Sleeper",
      "company": "Jakhar Travels",
      "time_in": "3:50",
      "time_out": "13:50",
      "rating": 2.7,
      "price": 257,
      "seat_available": 87,
      "booked_seats": []
    },
    {
      "id": 50,
      "bus_name": "Bharat Benz A/C Sleeper",
      "company": "SRS Travels",
      "time_in": "9:54",
      "time_out": "17:19",
      "rating": 3,
      "price": 439,
      "seat_available": 87,
      "booked_seats": []
    },
    {
      "id": 51,
      "bus_name": "NON A/C Sleeper",
      "company": "Anand Travels",
      "time_in": "7:08",
      "time_out": "20:38",
      "rating": 2.8,
      "price": 724,
      "seat_available": 87,
      "booked_seats": []
    },
    {
      "id": 52,
      "bus_name": "Volvo Multi-Axle Sleeper A/C",
      "company": "Orange Tours And Travels",
      "time_in": "2:20",
      "time_out": "10:05",
      "rating": 1.1,
      "price": 432,
      "seat_available": 87,
      "booked_seats": []
    },
    {
      "id": 53,
      "bus_name": "Volvo Multi-Axle Sleeper A/C",
      "company": "SRS Travels",
      "time_in": "4:41",
      "time_out": "1:02",
      "rating": 3.1,
      "price": 1002,
      "seat_available": 87,
      "booked_seats": []
    },
    {
      "id": 54,
      "bus_name": "Bharat Benz A/C Sleeper",
      "company": "Orange Tours And Travels",
      "time_in": "1:04",
      "time_out": "1:59",
      "rating": 1,
      "price": 449,
      "seat_available": 87,
      "booked_seats": []
    },
    {
      "id": 55,
      "bus_name": "A/C Seater / Sleeper",
      "company": "Jakhar Travels",
      "time_in": "1:28",
      "time_out": "7:22",
      "rating": 3.5,
      "price": 848,
      "seat_available": 87,
      "booked_seats": []
    },
    {
      "id": 56,
      "bus_name": "Volvo Multi-Axle Sleeper A/C",
      "company": "Paulo travels",
      "time_in": "1:18",
      "time_out": "22:57",
      "rating": 2.1,
      "price": 706,
      "seat_available": 87,
      "booked_seats": []
    },
    {
      "id": 57,
      "bus_name": "Volvo Multi-Axle Sleeper A/C",
      "company": "VRL Travels",
      "time_in": "1:39",
      "time_out": "19:36",
      "rating": 4.3,
      "price": 895,
      "seat_available": 87,
      "booked_seats": []
    },
    {
      "id": 58,
      "bus_name": "Bharat Benz A/C Sleeper",
      "company": "M R Travels",
      "time_in": "22:18",
      "time_out": "17:39",
      "rating": 2.1,
      "price": 989,
      "seat_available": 87,
      "booked_seats": []
    },
    {
      "id": 59,
      "bus_name": "NON A/C Sleeper",
      "company": "M R Travels",
      "time_in": "18:37",
      "time_out": "14:49",
      "rating": 4.9,
      "price": 341,
      "seat_available": 87,
      "booked_seats": []
    },
    {
      "id": 60,
      "bus_name": "NON A/C Sleeper",
      "company": "SRS Travels",
      "time_in": "11:51",
      "time_out": "17:55",
      "rating": 3.6,
      "price": 391,
      "seat_available": 87,
      "booked_seats": []
    },
    {
      "id": 61,
      "bus_name": "Volvo Multi-Axle I-Shift A/C Sleeper",
      "company": "Paulo travels",
      "time_in": "11:33",
      "time_out": "17:32",
      "rating": 1.9,
      "price": 645,
      "seat_available": 87,
      "booked_seats": []
    },
    {
      "id": 62,
      "bus_name": "A/C Seater / Sleeper",
      "company": "Paulo travels",
      "time_in": "17:07",
      "time_out": "23:06",
      "rating": 3.9,
      "price": 1052,
      "seat_available": 87,
      "booked_seats": []
    },
    {
      "id": 63,
      "bus_name": "Volvo Multi-Axle I-Shift A/C Sleeper",
      "company": "Jakhar Travels",
      "time_in": "0:51",
      "time_out": "18:13",
      "rating": 2.3,
      "price": 812,
      "seat_available": 87,
      "booked_seats": []
    },
    {
      "id": 64,
      "bus_name": "A/C Seater / Sleeper",
      "company": "Orange Tours And Travels",
      "time_in": "8:55",
      "time_out": "15:41",
      "rating": 3,
      "price": 1031,
      "seat_available": 87,
      "booked_seats": []
    },
    {
      "id": 65,
      "bus_name": "Volvo Multi-Axle I-Shift A/C Sleeper",
      "company": "Anand Travels",
      "time_in": "21:06",
      "time_out": "6:57",
      "rating": 1.3,
      "price": 727,
      "seat_available": 87,
      "booked_seats": []
    },
    {
      "id": 66,
      "bus_name": "NON A/C Sleeper",
      "company": "Jakhar Travels",
      "time_in": "1:51",
      "time_out": "7:42",
      "rating": 2.5,
      "price": 771,
      "seat_available": 87,
      "booked_seats": []
    },
    {
      "id": 67,
      "bus_name": "A/C Seater / Sleeper",
      "company": "Jakhar Travels",
      "time_in": "21:38",
      "time_out": "11:40",
      "rating": 3.2,
      "price": 429,
      "seat_available": 87,
      "booked_seats": []
    },
    {
      "id": 68,
      "bus_name": "Bharat Benz A/C Sleeper",
      "company": "Paulo travels",
      "time_in": "1:34",
      "time_out": "5:18",
      "rating": 3.3,
      "price": 1108,
      "seat_available": 87,
      "booked_seats": []
    },
    {
      "id": 69,
      "bus_name": "A/C Seater / Sleeper",
      "company": "VRL Travels",
      "time_in": "9:49",
      "time_out": "5:45",
      "rating": 3.8,
      "price": 256,
      "seat_available": 87,
      "booked_seats": []
    },
    {
      "id": 70,
      "bus_name": "Bharat Benz A/C Sleeper",
      "company": "Anand Travels",
      "time_in": "0:35",
      "time_out": "17:52",
      "rating": 1.2,
      "price": 800,
      "seat_available": 87,
      "booked_seats": []
    },
    {
      "id": 71,
      "bus_name": "Volvo Multi-Axle Sleeper A/C",
      "company": "Orange Tours And Travels",
      "time_in": "21:59",
      "time_out": "23:07",
      "rating": 3.3,
      "price": 886,
      "seat_available": 87,
      "booked_seats": []
    },
    {
      "id": 72,
      "bus_name": "A/C Sleeper",
      "company": "Paulo travels",
      "time_in": "12:48",
      "time_out": "13:13",
      "rating": 4.2,
      "price": 807,
      "seat_available": 87,
      "booked_seats": []
    },
    {
      "id": 73,
      "bus_name": "Volvo Multi-Axle Sleeper A/C",
      "company": "Orange Tours And Travels",
      "time_in": "7:01",
      "time_out": "2:19",
      "rating": 2,
      "price": 355,
      "seat_available": 87,
      "booked_seats": []
    },
    {
      "id": 74,
      "bus_name": "A/C Seater / Sleeper",
      "company": "VRL Travels",
      "time_in": "3:56",
      "time_out": "3:53",
      "rating": 3.1,
      "price": 569,
      "seat_available": 87,
      "booked_seats": []
    },
    {
      "id": 75,
      "bus_name": "Volvo Multi-Axle I-Shift A/C Sleeper",
      "company": "VRL Travels",
      "time_in": "11:37",
      "time_out": "15:47",
      "rating": 3,
      "price": 275,
      "seat_available": 87,
      "booked_seats": []
    },
    {
      "id": 76,
      "bus_name": "Bharat Benz A/C Sleeper",
      "company": "Orange Tours And Travels",
      "time_in": "1:55",
      "time_out": "20:39",
      "rating": 2.4,
      "price": 979,
      "seat_available": 87,
      "booked_seats": []
    },
    {
      "id": 77,
      "bus_name": "A/C Sleeper",
      "company": "Orange Tours And Travels",
      "time_in": "21:37",
      "time_out": "19:33",
      "rating": 4.7,
      "price": 676,
      "seat_available": 87,
      "booked_seats": []
    },
    {
      "id": 78,
      "bus_name": "NON A/C Sleeper",
      "company": "M R Travels",
      "time_in": "6:13",
      "time_out": "3:36",
      "rating": 3.2,
      "price": 895,
      "seat_available": 87,
      "booked_seats": []
    },
    {
      "id": 79,
      "bus_name": "NON A/C Sleeper",
      "company": "Paulo travels",
      "time_in": "15:23",
      "time_out": "4:11",
      "rating": 2.8,
      "price": 1133,
      "seat_available": 87,
      "booked_seats": []
    },
    {
      "id": 80,
      "bus_name": "Bharat Benz A/C Sleeper",
      "company": "Orange Tours And Travels",
      "time_in": "11:15",
      "time_out": "15:44",
      "rating": 4.1,
      "price": 700,
      "seat_available": 87,
      "booked_seats": []
    },
    {
      "id": 81,
      "bus_name": "Volvo Multi-Axle I-Shift A/C Sleeper",
      "company": "SRS Travels",
      "time_in": "11:43",
      "time_out": "18:49",
      "rating": 1.6,
      "price": 508,
      "seat_available": 87,
      "booked_seats": []
    },
    {
      "id": 82,
      "bus_name": "Bharat Benz A/C Sleeper",
      "company": "SRS Travels",
      "time_in": "5:46",
      "time_out": "7:39",
      "rating": 5,
      "price": 1182,
      "seat_available": 87,
      "booked_seats": []
    },
    {
      "id": 83,
      "bus_name": "Bharat Benz A/C Sleeper",
      "company": "Anand Travels",
      "time_in": "13:11",
      "time_out": "15:57",
      "rating": 3.4,
      "price": 227,
      "seat_available": 87,
      "booked_seats": []
    },
    {
      "id": 84,
      "bus_name": "Bharat Benz A/C Sleeper",
      "company": "VRL Travels",
      "time_in": "4:14",
      "time_out": "20:03",
      "rating": 4.2,
      "price": 995,
      "seat_available": 87,
      "booked_seats": []
    },
    {
      "id": 85,
      "bus_name": "Volvo Multi-Axle Sleeper A/C",
      "company": "Jakhar Travels",
      "time_in": "12:23",
      "time_out": "8:32",
      "rating": 2.3,
      "price": 436,
      "seat_available": 87,
      "booked_seats": []
    },
    {
      "id": 86,
      "bus_name": "Volvo Multi-Axle I-Shift A/C Sleeper",
      "company": "M R Travels",
      "time_in": "18:11",
      "time_out": "4:28",
      "rating": 2.7,
      "price": 720,
      "seat_available": 87,
      "booked_seats": []
    },
    {
      "id": 87,
      "bus_name": "Volvo Multi-Axle Sleeper A/C",
      "company": "M R Travels",
      "time_in": "2:01",
      "time_out": "17:20",
      "rating": 4.5,
      "price": 375,
      "seat_available": 87,
      "booked_seats": []
    },
    {
      "id": 88,
      "bus_name": "A/C Seater / Sleeper",
      "company": "M R Travels",
      "time_in": "20:10",
      "time_out": "16:16",
      "rating": 2.1,
      "price": 421,
      "seat_available": 87,
      "booked_seats": []
    },
    {
      "id": 89,
      "bus_name": "A/C Sleeper",
      "company": "Orange Tours And Travels",
      "time_in": "6:27",
      "time_out": "0:53",
      "rating": 2.6,
      "price": 1104,
      "seat_available": 87,
      "booked_seats": []
    },
    {
      "id": 90,
      "bus_name": "A/C Sleeper",
      "company": "M R Travels",
      "time_in": "9:41",
      "time_out": "19:03",
      "rating": 4.7,
      "price": 784,
      "seat_available": 87,
      "booked_seats": []
    },
    {
      "id": 91,
      "bus_name": "Volvo Multi-Axle Sleeper A/C",
      "company": "Jakhar Travels",
      "time_in": "13:58",
      "time_out": "18:19",
      "rating": 4.9,
      "price": 1072,
      "seat_available": 87,
      "booked_seats": []
    },
    {
      "id": 92,
      "bus_name": "NON A/C Sleeper",
      "company": "Paulo travels",
      "time_in": "16:24",
      "time_out": "10:02",
      "rating": 4,
      "price": 290,
      "seat_available": 87,
      "booked_seats": []
    },
    {
      "id": 93,
      "bus_name": "A/C Sleeper",
      "company": "M R Travels",
      "time_in": "16:27",
      "time_out": "10:12",
      "rating": 2.5,
      "price": 903,
      "seat_available": 87,
      "booked_seats": []
    },
    {
      "id": 94,
      "bus_name": "Bharat Benz A/C Sleeper",
      "company": "Anand Travels",
      "time_in": "7:07",
      "time_out": "17:41",
      "rating": 2,
      "price": 576,
      "seat_available": 87,
      "booked_seats": []
    },
    {
      "id": 95,
      "bus_name": "NON A/C Sleeper",
      "company": "Jakhar Travels",
      "time_in": "13:51",
      "time_out": "1:46",
      "rating": 1.6,
      "price": 850,
      "seat_available": 87,
      "booked_seats": []
    },
    {
      "id": 96,
      "bus_name": "Volvo Multi-Axle Sleeper A/C",
      "company": "Orange Tours And Travels",
      "time_in": "2:03",
      "time_out": "0:35",
      "rating": 2.9,
      "price": 352,
      "seat_available": 87,
      "booked_seats": []
    },
    {
      "id": 97,
      "bus_name": "A/C Seater / Sleeper",
      "company": "SRS Travels",
      "time_in": "19:02",
      "time_out": "11:59",
      "rating": 2.6,
      "price": 778,
      "seat_available": 87,
      "booked_seats": []
    },
    {
      "id": 98,
      "bus_name": "Bharat Benz A/C Sleeper",
      "company": "M R Travels",
      "time_in": "5:09",
      "time_out": "3:24",
      "rating": 1.5,
      "price": 243,
      "seat_available": 87,
      "booked_seats": []
    },
    {
      "id": 99,
      "bus_name": "A/C Seater / Sleeper",
      "company": "Jakhar Travels",
      "time_in": "6:53",
      "time_out": "15:38",
      "rating": 2.5,
      "price": 339,
      "seat_available": 87,
      "booked_seats": []
    },
    {
      "id": 100,
      "bus_name": "Volvo Multi-Axle Sleeper A/C",
      "company": "SRS Travels",
      "time_in": "3:52",
      "time_out": "17:45",
      "rating": 1.1,
      "price": 334,
      "seat_available": 87,
      "booked_seats": []
    },
    {
      "id": 101,
      "bus_name": "Bharat Benz A/C Sleeper",
      "company": "Orange Tours And Travels",
      "time_in": "7:54",
      "time_out": "19:32",
      "rating": 3.4,
      "price": 1088,
      "seat_available": 87,
      "booked_seats": []
    },
    {
      "id": 102,
      "bus_name": "Volvo Multi-Axle I-Shift A/C Sleeper",
      "company": "Orange Tours And Travels",
      "time_in": "19:07",
      "time_out": "22:21",
      "rating": 2.6,
      "price": 854,
      "seat_available": 87,
      "booked_seats": []
    },
    {
      "id": 103,
      "bus_name": "NON A/C Sleeper",
      "company": "Jakhar Travels",
      "time_in": "8:43",
      "time_out": "12:33",
      "rating": 2.6,
      "price": 1091,
      "seat_available": 87,
      "booked_seats": []
    },
    {
      "id": 104,
      "bus_name": "Volvo Multi-Axle I-Shift A/C Sleeper",
      "company": "Jakhar Travels",
      "time_in": "16:19",
      "time_out": "15:37",
      "rating": 1.6,
      "price": 998,
      "seat_available": 87,
      "booked_seats": []
    },
    {
      "id": 105,
      "bus_name": "Volvo Multi-Axle Sleeper A/C",
      "company": "VRL Travels",
      "time_in": "7:53",
      "time_out": "10:35",
      "rating": 4.4,
      "price": 995,
      "seat_available": 87,
      "booked_seats": []
    },
    {
      "id": 106,
      "bus_name": "A/C Sleeper",
      "company": "Anand Travels",
      "time_in": "14:48",
      "time_out": "12:15",
      "rating": 1.2,
      "price": 492,
      "seat_available": 87,
      "booked_seats": []
    },
    {
      "id": 107,
      "bus_name": "A/C Sleeper",
      "company": "Paulo travels",
      "time_in": "10:35",
      "time_out": "15:03",
      "rating": 3.7,
      "price": 920,
      "seat_available": 87,
      "booked_seats": []
    },
    {
      "id": 108,
      "bus_name": "Volvo Multi-Axle I-Shift A/C Sleeper",
      "company": "SRS Travels",
      "time_in": "19:56",
      "time_out": "16:33",
      "rating": 1.1,
      "price": 802,
      "seat_available": 87,
      "booked_seats": []
    },
    {
      "id": 109,
      "bus_name": "Volvo Multi-Axle I-Shift A/C Sleeper",
      "company": "Paulo travels",
      "time_in": "9:41",
      "time_out": "22:23",
      "rating": 3.4,
      "price": 293,
      "seat_available": 87,
      "booked_seats": []
    },
    {
      "id": 110,
      "bus_name": "A/C Sleeper",
      "company": "Jakhar Travels",
      "time_in": "8:29",
      "time_out": "4:43",
      "rating": 1.2,
      "price": 743,
      "seat_available": 87,
      "booked_seats": []
    },
    {
      "id": 111,
      "bus_name": "Volvo Multi-Axle I-Shift A/C Sleeper",
      "company": "VRL Travels",
      "time_in": "4:51",
      "time_out": "9:18",
      "rating": 2.5,
      "price": 923,
      "seat_available": 87,
      "booked_seats": []
    },
    {
      "id": 112,
      "bus_name": "Bharat Benz A/C Sleeper",
      "company": "Jakhar Travels",
      "time_in": "18:14",
      "time_out": "6:28",
      "rating": 5,
      "price": 1165,
      "seat_available": 87,
      "booked_seats": [
        36
      ]
    },
    {
      "id": 113,
      "bus_name": "NON A/C Sleeper",
      "company": "SRS Travels",
      "time_in": "12:36",
      "time_out": "20:37",
      "rating": 4.5,
      "price": 1033,
      "seat_available": 87,
      "booked_seats": []
    },
    {
      "id": 114,
      "bus_name": "Bharat Benz A/C Sleeper",
      "company": "M R Travels",
      "time_in": "20:23",
      "time_out": "5:45",
      "rating": 3.4,
      "price": 590,
      "seat_available": 87,
      "booked_seats": []
    },
    {
      "id": 115,
      "bus_name": "NON A/C Sleeper",
      "company": "M R Travels",
      "time_in": "18:34",
      "time_out": "12:24",
      "rating": 2.2,
      "price": 268,
      "seat_available": 87,
      "booked_seats": []
    },
    {
      "id": 116,
      "bus_name": "Volvo Multi-Axle I-Shift A/C Sleeper",
      "company": "Orange Tours And Travels",
      "time_in": "16:09",
      "time_out": "18:03",
      "rating": 3.9,
      "price": 725,
      "seat_available": 87,
      "booked_seats": []
    },
    {
      "id": 117,
      "bus_name": "A/C Seater / Sleeper",
      "company": "VRL Travels",
      "time_in": "12:15",
      "time_out": "13:36",
      "rating": 3.5,
      "price": 605,
      "seat_available": 87,
      "booked_seats": []
    },
    {
      "id": 118,
      "bus_name": "A/C Sleeper",
      "company": "Anand Travels",
      "time_in": "4:05",
      "time_out": "12:38",
      "rating": 1.7,
      "price": 207,
      "seat_available": 87,
      "booked_seats": []
    },
    {
      "id": 119,
      "bus_name": "Volvo Multi-Axle Sleeper A/C",
      "company": "Orange Tours And Travels",
      "time_in": "23:11",
      "time_out": "21:55",
      "rating": 4.9,
      "price": 213,
      "seat_available": 87,
      "booked_seats": []
    },
    {
      "id": 120,
      "bus_name": "A/C Sleeper",
      "company": "M R Travels",
      "time_in": "6:45",
      "time_out": "21:40",
      "rating": 2.9,
      "price": 930,
      "seat_available": 87,
      "booked_seats": []
    }
  ],
  "upperDeck_seats": [
    {
      "id": 1,
      "extra_price": 0,
      "booked": false,
      "Gender": "male"
    },
    {
      "id": 2,
      "extra_price": 0,
      "booked": false,
      "Gender": "male"
    },
    {
      "id": 3,
      "extra_price": 0,
      "booked": false,
      "Gender": "male"
    },
    {
      "id": 4,
      "extra_price": 0,
      "booked": false,
      "Gender": "male"
    },
    {
      "id": 5,
      "extra_price": 0,
      "booked": false,
      "Gender": "male"
    },
    {
      "id": 6,
      "extra_price": 0,
      "booked": false,
      "Gender": "male"
    },
    {
      "id": 7,
      "extra_price": 0,
      "booked": false,
      "Gender": "male"
    },
    {
      "id": 8,
      "extra_price": 0,
      "booked": false,
      "Gender": "male"
    },
    {
      "id": 9,
      "extra_price": 0,
      "booked": false,
      "Gender": "male"
    },
    {
      "id": 10,
      "extra_price": 0,
      "booked": false,
      "Gender": "male"
    },
    {
      "id": 11,
      "extra_price": 0,
      "booked": false,
      "Gender": "male"
    },
    {
      "id": 12,
      "extra_price": 0,
      "booked": false,
      "Gender": "male"
    },
    {
      "id": 13,
      "extra_price": 0,
      "booked": false,
      "Gender": "male"
    },
    {
      "id": 14,
      "extra_price": 0,
      "booked": false,
      "Gender": "male"
    },
    {
      "id": 15,
      "extra_price": 0,
      "booked": false,
      "Gender": "male"
    },
    {
      "id": 16,
      "extra_price": 0,
      "booked": false,
      "Gender": "male"
    },
    {
      "id": 17,
      "extra_price": 0,
      "booked": false,
      "Gender": "male"
    },
    {
      "id": 18,
      "extra_price": 0,
      "booked": false,
      "Gender": "male"
    },
    {
      "id": 19,
      "extra_price": 0,
      "booked": false,
      "Gender": "male"
    },
    {
      "id": 20,
      "extra_price": 0,
      "booked": false,
      "Gender": "male"
    },
    {
      "id": 21,
      "extra_price": 0,
      "booked": false,
      "Gender": "male"
    },
    {
      "id": 22,
      "extra_price": 0,
      "booked": false,
      "Gender": "male"
    },
    {
      "id": 23,
      "extra_price": 0,
      "booked": false,
      "Gender": "male"
    },
    {
      "id": 24,
      "extra_price": 0,
      "booked": false,
      "Gender": "male"
    },
    {
      "id": 25,
      "extra_price": 0,
      "booked": false,
      "Gender": "male"
    },
    {
      "id": 26,
      "extra_price": 0,
      "booked": false,
      "Gender": "male"
    },
    {
      "id": 27,
      "extra_price": 0,
      "booked": false,
      "Gender": "male"
    },
    {
      "id": 28,
      "extra_price": 0,
      "booked": false,
      "Gender": "male"
    },
    {
      "id": 29,
      "extra_price": 0,
      "booked": false,
      "Gender": "male"
    },
    {
      "id": 30,
      "extra_price": 0,
      "booked": false,
      "Gender": "male"
    },
    {
      "id": 31,
      "extra_price": 0,
      "booked": false,
      "Gender": "male"
    },
    {
      "id": 32,
      "extra_price": 0,
      "booked": false,
      "Gender": "Female"
    },
    {
      "id": 33,
      "extra_price": 0,
      "booked": false,
      "Gender": "Female"
    },
    {
      "id": 34,
      "extra_price": 0,
      "booked": false,
      "Gender": "Female"
    },
    {
      "id": 35,
      "extra_price": 0,
      "booked": false,
      "Gender": "Female"
    },
    {
      "id": 36,
      "extra_price": 0,
      "booked": false,
      "Gender": "Female"
    },
    {
      "id": 37,
      "extra_price": 0,
      "booked": false,
      "Gender": "Female"
    },
    {
      "id": 38,
      "extra_price": 200,
      "booked": false,
      "Gender": "Female"
    },
    {
      "id": 39,
      "extra_price": 200,
      "booked": false,
      "Gender": "Female"
    },
    {
      "id": 40,
      "extra_price": 250,
      "booked": false,
      "Gender": "Female"
    },
    {
      "id": 41,
      "extra_price": 100,
      "booked": false,
      "Gender": "Female"
    },
    {
      "id": 42,
      "extra_price": 200,
      "booked": false,
      "Gender": "Female"
    },
    {
      "id": 43,
      "extra_price": 200,
      "booked": false,
      "Gender": "Female"
    },
    {
      "id": 43,
      "extra_price": 250,
      "booked": false,
      "Gender": "Female"
    },
    {
      "id": 44,
      "extra_price": 250,
      "booked": false,
      "Gender": "Female"
    },
    {
      "id": 45,
      "extra_price": 250,
      "booked": false,
      "Gender": "Female"
    },
    {
      "id": 46,
      "extra_price": 250,
      "booked": false,
      "Gender": "Female"
    },
    {
      "id": 47,
      "extra_price": 300,
      "booked": false,
      "Gender": "Female"
    },
    {
      "id": 48,
      "extra_price": 300,
      "booked": true,
      "Gender": "Female"
    }
  ],
  "lowerDeck_seats": [
    {
      "id": 49,
      "extra_price": 0,
      "booked": false,
      "Gender": "male"
    },
    {
      "id": 50,
      "extra_price": 0,
      "booked": false,
      "Gender": "male"
    },
    {
      "id": 51,
      "extra_price": 0,
      "booked": false,
      "Gender": "male"
    },
    {
      "id": 52,
      "extra_price": 0,
      "booked": false,
      "Gender": "male"
    },
    {
      "id": 53,
      "extra_price": 0,
      "booked": false,
      "Gender": "male"
    },
    {
      "id": 54,
      "extra_price": 0,
      "booked": false,
      "Gender": "male"
    },
    {
      "id": 55,
      "extra_price": 0,
      "booked": false,
      "Gender": "male"
    },
    {
      "id": 56,
      "extra_price": 0,
      "booked": false,
      "Gender": "male"
    },
    {
      "id": 57,
      "extra_price": 0,
      "booked": false,
      "Gender": "male"
    },
    {
      "id": 58,
      "extra_price": 0,
      "booked": false,
      "Gender": "male"
    },
    {
      "id": 59,
      "extra_price": 0,
      "booked": false,
      "Gender": "male"
    },
    {
      "id": 60,
      "extra_price": 0,
      "booked": false,
      "Gender": "male"
    },
    {
      "id": 61,
      "extra_price": 0,
      "booked": false,
      "Gender": "male"
    },
    {
      "id": 62,
      "extra_price": 0,
      "booked": false,
      "Gender": "male"
    },
    {
      "id": 63,
      "extra_price": 0,
      "booked": false,
      "Gender": "male"
    },
    {
      "id": 64,
      "extra_price": 0,
      "booked": false,
      "Gender": "male"
    },
    {
      "id": 65,
      "extra_price": 0,
      "booked": false,
      "Gender": "male"
    },
    {
      "id": 66,
      "extra_price": 0,
      "booked": false,
      "Gender": "male"
    },
    {
      "id": 67,
      "extra_price": 0,
      "booked": false,
      "Gender": "male"
    },
    {
      "id": 68,
      "extra_price": 0,
      "booked": false,
      "Gender": "male"
    },
    {
      "id": 69,
      "extra_price": 0,
      "booked": false,
      "Gender": "male"
    },
    {
      "id": 70,
      "extra_price": 0,
      "booked": false,
      "Gender": "male"
    },
    {
      "id": 71,
      "extra_price": 0,
      "booked": false,
      "Gender": "male"
    },
    {
      "id": 72,
      "extra_price": 0,
      "booked": false,
      "Gender": "male"
    },
    {
      "id": 73,
      "extra_price": 0,
      "booked": false,
      "Gender": "male"
    },
    {
      "id": 74,
      "extra_price": 0,
      "booked": false,
      "Gender": "Female"
    },
    {
      "id": 75,
      "extra_price": 0,
      "booked": false,
      "Gender": "Female"
    },
    {
      "id": 76,
      "extra_price": 0,
      "booked": false,
      "Gender": "Female"
    },
    {
      "id": 77,
      "extra_price": 0,
      "booked": false,
      "Gender": "Female"
    },
    {
      "id": 78,
      "extra_price": 0,
      "booked": false,
      "Gender": "Female"
    },
    {
      "id": 79,
      "extra_price": 200,
      "booked": false,
      "Gender": "Female"
    },
    {
      "id": 80,
      "extra_price": 200,
      "booked": false,
      "Gender": "Female"
    },
    {
      "id": 81,
      "extra_price": 200,
      "booked": false,
      "Gender": "Female"
    },
    {
      "id": 82,
      "extra_price": 200,
      "booked": false,
      "Gender": "Female"
    },
    {
      "id": 83,
      "extra_price": 200,
      "booked": false,
      "Gender": "Female"
    },
    {
      "id": 84,
      "extra_price": 300,
      "booked": true,
      "Gender": "Female"
    },
    {
      "id": 85,
      "extra_price": 300,
      "booked": true,
      "Gender": "Female"
    },
    {
      "id": 86,
      "extra_price": 200,
      "booked": true,
      "Gender": "Female"
    },
    {
      "id": 87,
      "extra_price": 200,
      "booked": true,
      "Gender": "Female"
    }
  ],
  "Tickets": [
    {
      "name": "Dummy",
      "age": "44",
      "email": "",
      "phone": "",
      "booked_bus": [
        {
          "id": 1,
          "bus_name": "Volvo Multi-Axle I-Shift A/C Sleeper",
          "company": "VRL Travels",
          "time_in": "10:25",
          "time_out": "14:33",
          "rating": 3.9,
          "price": 312,
          "seat_available": 87,
          "booked_seats": [
            85
          ]
        }
      ],
      "booked_seatID": 85,
      "booked_price": 612,
      "cur_Dt_time": "1 : 23  10 - 7 - 2022",
      "user_points_input": {
        "pickPoint": "MP",
        "dropPoint": "RJ",
        "date": "2022-08-11"
      },
      "ticketN0": 286,
      "id": 2
    },
    {
      "name": "vishal",
      "age": "24",
      "email": "vishalkaralevsk@gmail.com",
      "phone": "9860809706",
      "booked_bus": [
        {
          "id": 112,
          "bus_name": "Bharat Benz A/C Sleeper",
          "company": "Jakhar Travels",
          "time_in": "18:14",
          "time_out": "6:28",
          "rating": 5,
          "price": 1165,
          "seat_available": 87,
          "booked_seats": [
            36
          ]
        }
      ],
      "booked_seatID": 36,
      "booked_price": 1165,
      "cur_Dt_time": "14 : 8  5 - 8 - 2022",
      "user_points_input": {
        "pickPoint": "pune",
        "dropPoint": "delhi",
        "date": "2022-09-07"
      },
      "ticketN0": 348,
      "id": 3
    }
  ]
}